﻿<?xml version="1.0" encoding="utf-8"?>
<WidgetStore>

    <required>

        <manifest_version>2</manifest_version>				

        <widget>

            <name>KR_BaseBall</name>

            <version>1.0</version>								

            <root>KRBaseBall.jsp</root>

        </widget>

        <position kind="none">									


		  </position>

     </required>



    <recommanded>

   		<resolution method="fixed">                      
	
        
				<fixed>
					<width>400</width>
					<height>490</height>

				</fixed>
			</resolution>

    </recommanded>

</WidgetStore>

